position,WT_aa,WT_bound_logit,WT_unbound_logit,delta,is_key_binding
D56,G,4.381827354431152,-0.2915542721748352,4.6733816266059875,True
D57,H,3.8198189735412598,0.4823354184627533,3.3374835550785065,True
D53,W,3.728224992752075,0.5089611411094666,3.2192638516426086,True
D102,L,1.940987229347229,-0.12899023294448853,2.0699774622917175,True
D101,Y,1.5302473306655884,-0.503607451915741,2.0338547825813293,True
D103,P,2.168342113494873,0.982831597328186,1.185510516166687,True
D105,A,1.3534404039382935,0.6265574097633362,0.7268829941749573,False
D104,T,0.045060764998197556,-0.348271906375885,0.39333267137408257,False
D54,N,3.457554578781128,3.148375988006592,0.30917859077453613,False
D100,T,-0.28279557824134827,-0.5521239042282104,0.2693283259868622,False
D107,S,1.9825423955917358,1.7615257501602173,0.22101664543151855,False
D109,D,0.005604602862149477,-0.18711109459400177,0.19271569745615125,False
D51,I,4.2086992263793945,4.062662124633789,0.14603710174560547,False
D61,A,2.6783344745635986,2.5421524047851562,0.13618206977844238,False
D98,K,0.9083444476127625,0.8124669194221497,0.09587752819061279,False
D108,S,-0.7050550580024719,-0.7674084901809692,0.062353432178497314,False
D97,A,3.813279628753662,3.7595012187957764,0.05377840995788574,False
D55,G,4.828110694885254,4.805573463439941,0.0225372314453125,False
D64,V,4.514801502227783,4.505648612976074,0.009152889251708984,False
D96,C,5.540640354156494,5.536602020263672,0.004038333892822266,False
D95,Y,5.494509696960449,5.494225025177002,0.0002846717834472656,False
D63,S,2.1868739128112793,2.1969475746154785,-0.010073661804199219,False
D62,D,0.16388389468193054,0.17400558292865753,-0.01012168824672699,False
D52,V,-1.2144904136657715,-1.2015458345413208,-0.012944579124450684,False
D60,Y,4.743122100830078,4.850381851196289,-0.10725975036621094,False
D110,Y,0.7334132790565491,0.8595913648605347,-0.1261780858039856,False
D65,E,0.4204142689704895,0.558276891708374,-0.13786262273788452,False
D50,A,1.5071486234664917,1.6750370264053345,-0.16788840293884277,False
D99,T,2.144132137298584,2.370858669281006,-0.22672653198242188,False
D58,H,0.45758819580078125,0.7649309039115906,-0.3073427081108093,False
D106,S,2.9774296283721924,3.325356960296631,-0.3479273319244385,False
D59,D,0.3928601145744324,1.9401546716690063,-1.547294557094574,False
