rank,position,WT_aa,WT_unbound_logit,best_aa,best_unbound_logit,logit_diff,is_key_binding,top_k
1,D52,V,-1.2015458345413208,S,3.675427198410034,4.876973032951355,False,True
2,D108,S,-0.7674084901809692,L,3.6693618297576904,4.43677031993866,False,True
3,D100,T,-0.5521239042282104,L,1.9937769174575806,2.545900821685791,False,True
4,D101,Y,-0.503607451915741,T,1.7666279077529907,2.2702353596687317,True,False
5,D104,T,-0.348271906375885,V,1.258530855178833,1.606802761554718,False,False
6,D56,G,-0.2915542721748352,S,1.692953109741211,1.9845073819160461,True,False
7,D109,D,-0.18711109459400177,S,2.236741542816162,2.423852637410164,False,False
8,D102,L,-0.12899023294448853,R,1.0332469940185547,1.1622372269630432,True,False
9,D62,D,0.17400558292865753,P,2.2257819175720215,2.051776334643364,False,False
10,D57,H,0.4823354184627533,Y,1.0546929836273193,0.572357565164566,True,False
11,D53,W,0.5089611411094666,H,1.7922532558441162,1.2832921147346497,True,False
12,D65,E,0.558276891708374,K,1.9909231662750244,1.4326462745666504,False,False
13,D105,A,0.6265574097633362,N,2.6632678508758545,2.0367104411125183,False,False
14,D58,H,0.7649309039115906,T,1.020385503768921,0.2554545998573303,False,False
15,D98,K,0.8124669194221497,R,3.2548279762268066,2.442361056804657,False,False
16,D110,Y,0.8595913648605347,H,0.883590042591095,0.023998677730560303,False,False
17,D103,P,0.982831597328186,S,1.3322124481201172,0.34938085079193115,True,False
18,D50,A,1.6750370264053345,S,4.046294212341309,2.371257185935974,False,False
19,D107,S,1.7615257501602173,A,4.306694984436035,2.545169234275818,False,False
20,D59,D,1.9401546716690063,E,2.590928077697754,0.6507734060287476,False,False
21,D63,S,2.1969475746154785,S,2.1969475746154785,0.0,False,False
22,D99,T,2.370858669281006,S,3.9242281913757324,1.5533695220947266,False,False
23,D61,A,2.5421524047851562,A,2.5421524047851562,0.0,False,False
24,D54,N,3.148375988006592,D,3.51731538772583,0.3689393997192383,False,False
25,D106,S,3.325356960296631,S,3.325356960296631,0.0,False,False
26,D97,A,3.7595012187957764,A,3.7595012187957764,0.0,False,False
27,D51,I,4.062662124633789,I,4.062662124633789,0.0,False,False
28,D64,V,4.505648612976074,V,4.505648612976074,0.0,False,False
29,D55,G,4.805573463439941,G,4.805573463439941,0.0,False,False
30,D60,Y,4.850381851196289,Y,4.850381851196289,0.0,False,False
31,D95,Y,5.494225025177002,Y,5.494225025177002,0.0,False,False
32,D96,C,5.536602020263672,C,5.536602020263672,0.0,False,False
